time,position,velocity,accel,force
0.0000,10.000000,2.000000,-9.800000,-19.600000
0.0100,10.020000,1.902000,-9.800000,-19.600000
0.0200,10.039020,1.804000,-9.800000,-19.600000
0.0300,10.057060,1.706000,-9.800000,-19.600000
0.0400,10.074120,1.608000,-9.800000,-19.600000
0.0500,10.090200,1.510000,-9.800000,-19.600000
0.0600,10.105300,1.412000,-9.800000,-19.600000
0.0700,10.119420,1.314000,-9.800000,-19.600000
0.0800,10.132560,1.216000,-9.800000,-19.600000
0.0900,10.144720,1.118000,-9.800000,-19.600000
0.1000,10.155900,1.020000,-9.800000,-19.600000
0.1100,10.166100,0.922000,-9.800000,-19.600000
0.1200,10.175320,0.824000,-9.800000,-19.600000
0.1300,10.183560,0.726000,-9.800000,-19.600000
0.1400,10.190820,0.628000,-9.800000,-19.600000
0.1500,10.197100,0.530000,-9.800000,-19.600000
0.1600,10.202400,0.432000,-9.800000,-19.600000
0.1700,10.206720,0.334000,-9.800000,-19.600000
0.1800,10.210060,0.236000,-9.800000,-19.600000
0.1900,10.212420,0.138000,-9.800000,-19.600000
0.2000,10.213800,0.040000,-9.800000,-19.600000
0.2100,10.214200,-0.058000,-9.800000,-19.600000
0.2200,10.213620,-0.156000,-9.800000,-19.600000
0.2300,10.212060,-0.254000,-9.800000,-19.600000
0.2400,10.209520,-0.352000,-9.800000,-19.600000
0.2500,10.206000,-0.450000,-9.800000,-19.600000
0.2600,10.201500,-0.548000,-9.800000,-19.600000
0.2700,10.196020,-0.646000,-9.800000,-19.600000
0.2800,10.189560,-0.744000,-9.800000,-19.600000
0.2900,10.182120,-0.842000,-9.800000,-19.600000
0.3000,10.173700,-0.940000,-9.800000,-19.600000
0.3100,10.164300,-1.038000,-9.800000,-19.600000
0.3200,10.153920,-1.136000,-9.800000,-19.600000
0.3300,10.142560,-1.234000,-9.800000,-19.600000
0.3400,10.130220,-1.332000,-9.800000,-19.600000
0.3500,10.116900,-1.430000,-9.800000,-19.600000
0.3600,10.102600,-1.528000,-9.800000,-19.600000
0.3700,10.087320,-1.626000,-9.800000,-19.600000
0.3800,10.071060,-1.724000,-9.800000,-19.600000
0.3900,10.053820,-1.822000,-9.800000,-19.600000
0.4000,10.035600,-1.920000,-9.800000,-19.600000
0.4100,10.016400,-2.018000,-9.800000,-19.600000
0.4200,9.996220,-2.116000,-9.800000,-19.600000
0.4300,9.975060,-2.214000,-9.800000,-19.600000
0.4400,9.952920,-2.312000,-9.800000,-19.600000
0.4500,9.929800,-2.410000,-9.800000,-19.600000
0.4600,9.905700,-2.508000,-9.800000,-19.600000
0.4700,9.880620,-2.606000,-9.800000,-19.600000
0.4800,9.854560,-2.704000,-9.800000,-19.600000
0.4900,9.827520,-2.802000,-9.800000,-19.600000
0.5000,9.799500,-2.900000,-9.800000,-19.600000
0.5100,9.770500,-2.998000,-9.800000,-19.600000
0.5200,9.740520,-3.096000,-9.800000,-19.600000
0.5300,9.709560,-3.194000,-9.800000,-19.600000
0.5400,9.677620,-3.292000,-9.800000,-19.600000
0.5500,9.644700,-3.390000,-9.800000,-19.600000
0.5600,9.610800,-3.488000,-9.800000,-19.600000
0.5700,9.575920,-3.586000,-9.800000,-19.600000
0.5800,9.540060,-3.684000,-9.800000,-19.600000
0.5900,9.503220,-3.782000,-9.800000,-19.600000
0.6000,9.465400,-3.880000,-9.800000,-19.600000
0.6100,9.426600,-3.978000,-9.800000,-19.600000
0.6200,9.386820,-4.076000,-9.800000,-19.600000
0.6300,9.346060,-4.174000,-9.800000,-19.600000
0.6400,9.304320,-4.272000,-9.800000,-19.600000
0.6500,9.261600,-4.370000,-9.800000,-19.600000
0.6600,9.217900,-4.468000,-9.800000,-19.600000
0.6700,9.173220,-4.566000,-9.800000,-19.600000
0.6800,9.127560,-4.664000,-9.800000,-19.600000
0.6900,9.080920,-4.762000,-9.800000,-19.600000
0.7000,9.033300,-4.860000,-9.800000,-19.600000
0.7100,8.984700,-4.958000,-9.800000,-19.600000
0.7200,8.935120,-5.056000,-9.800000,-19.600000
0.7300,8.884560,-5.154000,-9.800000,-19.600000
0.7400,8.833020,-5.252000,-9.800000,-19.600000
0.7500,8.780500,-5.350000,-9.800000,-19.600000
0.7600,8.727000,-5.448000,-9.800000,-19.600000
0.7700,8.672520,-5.546000,-9.800000,-19.600000
0.7800,8.617060,-5.644000,-9.800000,-19.600000
0.7900,8.560620,-5.742000,-9.800000,-19.600000
0.8000,8.503200,-5.840000,-9.800000,-19.600000
0.8100,8.444800,-5.938000,-9.800000,-19.600000
0.8200,8.385420,-6.036000,-9.800000,-19.600000
0.8300,8.325060,-6.134000,-9.800000,-19.600000
0.8400,8.263720,-6.232000,-9.800000,-19.600000
0.8500,8.201400,-6.330000,-9.800000,-19.600000
0.8600,8.138100,-6.428000,-9.800000,-19.600000
0.8700,8.073820,-6.526000,-9.800000,-19.600000
0.8800,8.008560,-6.624000,-9.800000,-19.600000
0.8900,7.942320,-6.722000,-9.800000,-19.600000
0.9000,7.875100,-6.820000,-9.800000,-19.600000
0.9100,7.806900,-6.918000,-9.800000,-19.600000
0.9200,7.737720,-7.016000,-9.800000,-19.600000
0.9300,7.667560,-7.114000,-9.800000,-19.600000
0.9400,7.596420,-7.212000,-9.800000,-19.600000
0.9500,7.524300,-7.310000,-9.800000,-19.600000
0.9600,7.451200,-7.408000,-9.800000,-19.600000
0.9700,7.377120,-7.506000,-9.800000,-19.600000
0.9800,7.302060,-7.604000,-9.800000,-19.600000
0.9900,7.226020,-7.702000,-9.800000,-19.600000
1.0000,7.149000,-7.800000,-9.800000,-19.600000
1.0100,7.071000,-7.898000,-9.800000,-19.600000
1.0200,6.992020,-7.996000,-9.800000,-19.600000
1.0300,6.912060,-8.094000,-9.800000,-19.600000
1.0400,6.831120,-8.192000,-9.800000,-19.600000
1.0500,6.749200,-8.290000,-9.800000,-19.600000
1.0600,6.666300,-8.388000,-9.800000,-19.600000
1.0700,6.582420,-8.486000,-9.800000,-19.600000
1.0800,6.497560,-8.584000,-9.800000,-19.600000
1.0900,6.411720,-8.682000,-9.800000,-19.600000
1.1000,6.324900,-8.780000,-9.800000,-19.600000
1.1100,6.237100,-8.878000,-9.800000,-19.600000
1.1200,6.148320,-8.976000,-9.800000,-19.600000
1.1300,6.058560,-9.074000,-9.800000,-19.600000
1.1400,5.967820,-9.172000,-9.800000,-19.600000
1.1500,5.876100,-9.270000,-9.800000,-19.600000
1.1600,5.783400,-9.368000,-9.800000,-19.600000
1.1700,5.689720,-9.466000,-9.800000,-19.600000
1.1800,5.595060,-9.564000,-9.800000,-19.600000
1.1900,5.499420,-9.662000,-9.800000,-19.600000
1.2000,5.402800,-9.760000,-9.800000,-19.600000
1.2100,5.305200,-9.858000,-9.800000,-19.600000
1.2200,5.206620,-9.956000,-9.800000,-19.600000
1.2300,5.107060,-10.054000,-9.800000,-19.600000
1.2400,5.006520,-10.152000,-9.800000,-19.600000
1.2500,4.905000,-10.250000,-9.800000,-19.600000
1.2600,4.802500,-10.348000,-9.800000,-19.600000
1.2700,4.699020,-10.446000,-9.800000,-19.600000
1.2800,4.594560,-10.544000,-9.800000,-19.600000
1.2900,4.489120,-10.642000,-9.800000,-19.600000
1.3000,4.382700,-10.740000,-9.800000,-19.600000
1.3100,4.275300,-10.838000,-9.800000,-19.600000
1.3200,4.166920,-10.936000,-9.800000,-19.600000
1.3300,4.057560,-11.034000,-9.800000,-19.600000
1.3400,3.947220,-11.132000,-9.800000,-19.600000
1.3500,3.835900,-11.230000,-9.800000,-19.600000
1.3600,3.723600,-11.328000,-9.800000,-19.600000
1.3700,3.610320,-11.426000,-9.800000,-19.600000
1.3800,3.496060,-11.524000,-9.800000,-19.600000
1.3900,3.380820,-11.622000,-9.800000,-19.600000
1.4000,3.264600,-11.720000,-9.800000,-19.600000
1.4100,3.147400,-11.818000,-9.800000,-19.600000
1.4200,3.029220,-11.916000,-9.800000,-19.600000
1.4300,2.910060,-12.014000,-9.800000,-19.600000
1.4400,2.789920,-12.112000,-9.800000,-19.600000
1.4500,2.668800,-12.210000,-9.800000,-19.600000
1.4600,2.546700,-12.308000,-9.800000,-19.600000
1.4700,2.423620,-12.406000,-9.800000,-19.600000
1.4800,2.299560,-12.504000,-9.800000,-19.600000
1.4900,2.174520,-12.602000,-9.800000,-19.600000
1.5000,2.048500,-12.700000,-9.800000,-19.600000
1.5100,1.921500,-12.798000,-9.800000,-19.600000
1.5200,1.793520,-12.896000,-9.800000,-19.600000
1.5300,1.664560,-12.994000,-9.800000,-19.600000
1.5400,1.534620,-13.092000,-9.800000,-19.600000
1.5500,1.403700,-13.190000,-9.800000,-19.600000
1.5600,1.271800,-13.288000,-9.800000,-19.600000
1.5700,1.138920,-13.386000,-9.800000,-19.600000
1.5800,1.005060,-13.484000,-9.800000,-19.600000
1.5900,0.870220,-13.582000,-9.800000,-19.600000
1.6000,0.734400,-13.680000,-9.800000,-19.600000
1.6100,0.597600,-13.778000,-9.800000,-19.600000
1.6200,0.459820,-13.876000,-9.800000,-19.600000
1.6300,0.321060,-13.974000,-9.800000,-19.600000
1.6400,0.181320,-14.072000,-9.800000,-19.600000
1.6500,0.040600,-14.170000,-9.800000,-19.600000
1.6600,-0.101100,-14.268000,-9.800000,-19.600000
1.6700,-0.243780,-14.366000,-9.800000,-19.600000
1.6800,-0.387440,-14.464000,-9.800000,-19.600000
1.6900,-0.532080,-14.562000,-9.800000,-19.600000
1.7000,-0.677700,-14.660000,-9.800000,-19.600000
1.7100,-0.824300,-14.758000,-9.800000,-19.600000
1.7200,-0.971880,-14.856000,-9.800000,-19.600000
1.7300,-1.120440,-14.954000,-9.800000,-19.600000
1.7400,-1.269980,-15.052000,-9.800000,-19.600000
1.7500,-1.420500,-15.150000,-9.800000,-19.600000
1.7600,-1.572000,-15.248000,-9.800000,-19.600000
1.7700,-1.724480,-15.346000,-9.800000,-19.600000
1.7800,-1.877940,-15.444000,-9.800000,-19.600000
1.7900,-2.032380,-15.542000,-9.800000,-19.600000
1.8000,-2.187800,-15.640000,-9.800000,-19.600000
1.8100,-2.344200,-15.738000,-9.800000,-19.600000
1.8200,-2.501580,-15.836000,-9.800000,-19.600000
1.8300,-2.659940,-15.934000,-9.800000,-19.600000
1.8400,-2.819280,-16.032000,-9.800000,-19.600000
1.8500,-2.979600,-16.130000,-9.800000,-19.600000
1.8600,-3.140900,-16.228000,-9.800000,-19.600000
1.8700,-3.303180,-16.326000,-9.800000,-19.600000
1.8800,-3.466440,-16.424000,-9.800000,-19.600000
1.8900,-3.630680,-16.522000,-9.800000,-19.600000
1.9000,-3.795900,-16.620000,-9.800000,-19.600000
1.9100,-3.962100,-16.718000,-9.800000,-19.600000
1.9200,-4.129280,-16.816000,-9.800000,-19.600000
1.9300,-4.297440,-16.914000,-9.800000,-19.600000
1.9400,-4.466580,-17.012000,-9.800000,-19.600000
1.9500,-4.636700,-17.110000,-9.800000,-19.600000
1.9600,-4.807800,-17.208000,-9.800000,-19.600000
1.9700,-4.979880,-17.306000,-9.800000,-19.600000
1.9800,-5.152940,-17.404000,-9.800000,-19.600000
1.9900,-5.326980,-17.502000,-9.800000,-19.600000
2.0000,-5.502000,-17.600000,-9.800000,-19.600000
2.0100,-5.678000,-17.698000,-9.800000,-19.600000
2.0200,-5.854980,-17.796000,-9.800000,-19.600000
2.0300,-6.032940,-17.894000,-9.800000,-19.600000
2.0400,-6.211880,-17.992000,-9.800000,-19.600000
2.0500,-6.391800,-18.090000,-9.800000,-19.600000
2.0600,-6.572700,-18.188000,-9.800000,-19.600000
2.0700,-6.754580,-18.286000,-9.800000,-19.600000
2.0800,-6.937440,-18.384000,-9.800000,-19.600000
2.0900,-7.121280,-18.482000,-9.800000,-19.600000
2.1000,-7.306100,-18.580000,-9.800000,-19.600000
2.1100,-7.491900,-18.678000,-9.800000,-19.600000
2.1200,-7.678680,-18.776000,-9.800000,-19.600000
2.1300,-7.866440,-18.874000,-9.800000,-19.600000
2.1400,-8.055180,-18.972000,-9.800000,-19.600000
2.1500,-8.244900,-19.070000,-9.800000,-19.600000
2.1600,-8.435600,-19.168000,-9.800000,-19.600000
2.1700,-8.627280,-19.266000,-9.800000,-19.600000
2.1800,-8.819940,-19.364000,-9.800000,-19.600000
2.1900,-9.013580,-19.462000,-9.800000,-19.600000
2.2000,-9.208200,-19.560000,-9.800000,-19.600000
2.2100,-9.403800,-19.658000,-9.800000,-19.600000
2.2200,-9.600380,-19.756000,-9.800000,-19.600000
2.2300,-9.797940,-19.854000,-9.800000,-19.600000
2.2400,-9.996480,-19.952000,-9.800000,-19.600000
2.2500,-10.196000,-20.050000,-9.800000,-19.600000
2.2600,-10.396500,-20.148000,-9.800000,-19.600000
2.2700,-10.597980,-20.246000,-9.800000,-19.600000
2.2800,-10.800440,-20.344000,-9.800000,-19.600000
2.2900,-11.003880,-20.442000,-9.800000,-19.600000
2.3000,-11.208300,-20.540000,-9.800000,-19.600000
2.3100,-11.413700,-20.638000,-9.800000,-19.600000
2.3200,-11.620080,-20.736000,-9.800000,-19.600000
2.3300,-11.827440,-20.834000,-9.800000,-19.600000
2.3400,-12.035780,-20.932000,-9.800000,-19.600000
2.3500,-12.245100,-21.030000,-9.800000,-19.600000
2.3600,-12.455400,-21.128000,-9.800000,-19.600000
2.3700,-12.666680,-21.226000,-9.800000,-19.600000
2.3800,-12.878940,-21.324000,-9.800000,-19.600000
2.3900,-13.092180,-21.422000,-9.800000,-19.600000
2.4000,-13.306400,-21.520000,-9.800000,-19.600000
2.4100,-13.521600,-21.618000,-9.800000,-19.600000
2.4200,-13.737780,-21.716000,-9.800000,-19.600000
2.4300,-13.954940,-21.814000,-9.800000,-19.600000
2.4400,-14.173080,-21.912000,-9.800000,-19.600000
2.4500,-14.392200,-22.010000,-9.800000,-19.600000
2.4600,-14.612300,-22.108000,-9.800000,-19.600000
2.4700,-14.833380,-22.206000,-9.800000,-19.600000
2.4800,-15.055440,-22.304000,-9.800000,-19.600000
2.4900,-15.278480,-22.402000,-9.800000,-19.600000
2.5000,-15.502500,-22.500000,-9.800000,-19.600000
2.5100,-15.727500,-22.598000,-9.800000,-19.600000
2.5200,-15.953480,-22.696000,-9.800000,-19.600000
2.5300,-16.180440,-22.794000,-9.800000,-19.600000
2.5400,-16.408380,-22.892000,-9.800000,-19.600000
2.5500,-16.637300,-22.990000,-9.800000,-19.600000
2.5600,-16.867200,-23.088000,-9.800000,-19.600000
2.5700,-17.098080,-23.186000,-9.800000,-19.600000
2.5800,-17.329940,-23.284000,-9.800000,-19.600000
2.5900,-17.562780,-23.382000,-9.800000,-19.600000
2.6000,-17.796600,-23.480000,-9.800000,-19.600000
2.6100,-18.031400,-23.578000,-9.800000,-19.600000
2.6200,-18.267180,-23.676000,-9.800000,-19.600000
2.6300,-18.503940,-23.774000,-9.800000,-19.600000
2.6400,-18.741680,-23.872000,-9.800000,-19.600000
2.6500,-18.980400,-23.970000,-9.800000,-19.600000
2.6600,-19.220100,-24.068000,-9.800000,-19.600000
2.6700,-19.460780,-24.166000,-9.800000,-19.600000
2.6800,-19.702440,-24.264000,-9.800000,-19.600000
2.6900,-19.945080,-24.362000,-9.800000,-19.600000
2.7000,-20.188700,-24.460000,-9.800000,-19.600000
2.7100,-20.433300,-24.558000,-9.800000,-19.600000
2.7200,-20.678880,-24.656000,-9.800000,-19.600000
2.7300,-20.925440,-24.754000,-9.800000,-19.600000
2.7400,-21.172980,-24.852000,-9.800000,-19.600000
2.7500,-21.421500,-24.950000,-9.800000,-19.600000
2.7600,-21.671000,-25.048000,-9.800000,-19.600000
2.7700,-21.921480,-25.146000,-9.800000,-19.600000
2.7800,-22.172940,-25.244000,-9.800000,-19.600000
2.7900,-22.425380,-25.342000,-9.800000,-19.600000
2.8000,-22.678800,-25.440000,-9.800000,-19.600000
2.8100,-22.933200,-25.538000,-9.800000,-19.600000
2.8200,-23.188580,-25.636000,-9.800000,-19.600000
2.8300,-23.444940,-25.734000,-9.800000,-19.600000
2.8400,-23.702280,-25.832000,-9.800000,-19.600000
2.8500,-23.960600,-25.930000,-9.800000,-19.600000
2.8600,-24.219900,-26.028000,-9.800000,-19.600000
2.8700,-24.480180,-26.126000,-9.800000,-19.600000
2.8800,-24.741440,-26.224000,-9.800000,-19.600000
2.8900,-25.003680,-26.322000,-9.800000,-19.600000
2.9000,-25.266900,-26.420000,-9.800000,-19.600000
2.9100,-25.531100,-26.518000,-9.800000,-19.600000
2.9200,-25.796280,-26.616000,-9.800000,-19.600000
2.9300,-26.062440,-26.714000,-9.800000,-19.600000
2.9400,-26.329580,-26.812000,-9.800000,-19.600000
2.9500,-26.597700,-26.910000,-9.800000,-19.600000
2.9600,-26.866800,-27.008000,-9.800000,-19.600000
2.9700,-27.136880,-27.106000,-9.800000,-19.600000
2.9800,-27.407940,-27.204000,-9.800000,-19.600000
2.9900,-27.679980,-27.302000,-9.800000,-19.600000
3.0000,-27.953000,-27.400000,-9.800000,-19.600000
3.0100,-28.227000,-27.498000,-9.800000,-19.600000
3.0200,-28.501980,-27.596000,-9.800000,-19.600000
3.0300,-28.777940,-27.694000,-9.800000,-19.600000
3.0400,-29.054880,-27.792000,-9.800000,-19.600000
3.0500,-29.332800,-27.890000,-9.800000,-19.600000
3.0600,-29.611700,-27.988000,-9.800000,-19.600000
3.0700,-29.891580,-28.086000,-9.800000,-19.600000
3.0800,-30.172440,-28.184000,-9.800000,-19.600000
3.0900,-30.454280,-28.282000,-9.800000,-19.600000
3.1000,-30.737100,-28.380000,-9.800000,-19.600000
3.1100,-31.020900,-28.478000,-9.800000,-19.600000
3.1200,-31.305680,-28.576000,-9.800000,-19.600000
3.1300,-31.591440,-28.674000,-9.800000,-19.600000
3.1400,-31.878180,-28.772000,-9.800000,-19.600000
3.1500,-32.165900,-28.870000,-9.800000,-19.600000
3.1600,-32.454600,-28.968000,-9.800000,-19.600000
3.1700,-32.744280,-29.066000,-9.800000,-19.600000
3.1800,-33.034940,-29.164000,-9.800000,-19.600000
3.1900,-33.326580,-29.262000,-9.800000,-19.600000
3.2000,-33.619200,-29.360000,-9.800000,-19.600000
3.2100,-33.912800,-29.458000,-9.800000,-19.600000
3.2200,-34.207380,-29.556000,-9.800000,-19.600000
3.2300,-34.502940,-29.654000,-9.800000,-19.600000
3.2400,-34.799480,-29.752000,-9.800000,-19.600000
3.2500,-35.097000,-29.850000,-9.800000,-19.600000
3.2600,-35.395500,-29.948000,-9.800000,-19.600000
3.2700,-35.694980,-30.046000,-9.800000,-19.600000
3.2800,-35.995440,-30.144000,-9.800000,-19.600000
3.2900,-36.296880,-30.242000,-9.800000,-19.600000
3.3000,-36.599300,-30.340000,-9.800000,-19.600000
3.3100,-36.902700,-30.438000,-9.800000,-19.600000
3.3200,-37.207080,-30.536000,-9.800000,-19.600000
3.3300,-37.512440,-30.634000,-9.800000,-19.600000
3.3400,-37.818780,-30.732000,-9.800000,-19.600000
3.3500,-38.126100,-30.830000,-9.800000,-19.600000
3.3600,-38.434400,-30.928000,-9.800000,-19.600000
3.3700,-38.743680,-31.026000,-9.800000,-19.600000
3.3800,-39.053940,-31.124000,-9.800000,-19.600000
3.3900,-39.365180,-31.222000,-9.800000,-19.600000
3.4000,-39.677400,-31.320000,-9.800000,-19.600000
3.4100,-39.990600,-31.418000,-9.800000,-19.600000
3.4200,-40.304780,-31.516000,-9.800000,-19.600000
3.4300,-40.619940,-31.614000,-9.800000,-19.600000
3.4400,-40.936080,-31.712000,-9.800000,-19.600000
3.4500,-41.253200,-31.810000,-9.800000,-19.600000
3.4600,-41.571300,-31.908000,-9.800000,-19.600000
3.4700,-41.890380,-32.006000,-9.800000,-19.600000
3.4800,-42.210440,-32.104000,-9.800000,-19.600000
3.4900,-42.531480,-32.202000,-9.800000,-19.600000
3.5000,-42.853500,-32.300000,-9.800000,-19.600000
3.5100,-43.176500,-32.398000,-9.800000,-19.600000
3.5200,-43.500480,-32.496000,-9.800000,-19.600000
3.5300,-43.825440,-32.594000,-9.800000,-19.600000
3.5400,-44.151380,-32.692000,-9.800000,-19.600000
3.5500,-44.478300,-32.790000,-9.800000,-19.600000
3.5600,-44.806200,-32.888000,-9.800000,-19.600000
3.5700,-45.135080,-32.986000,-9.800000,-19.600000
3.5800,-45.464940,-33.084000,-9.800000,-19.600000
3.5900,-45.795780,-33.182000,-9.800000,-19.600000
3.6000,-46.127600,-33.280000,-9.800000,-19.600000
3.6100,-46.460400,-33.378000,-9.800000,-19.600000
3.6200,-46.794180,-33.476000,-9.800000,-19.600000
3.6300,-47.128940,-33.574000,-9.800000,-19.600000
3.6400,-47.464680,-33.672000,-9.800000,-19.600000
3.6500,-47.801400,-33.770000,-9.800000,-19.600000
3.6600,-48.139100,-33.868000,-9.800000,-19.600000
3.6700,-48.477780,-33.966000,-9.800000,-19.600000
3.6800,-48.817440,-34.064000,-9.800000,-19.600000
3.6900,-49.158080,-34.162000,-9.800000,-19.600000
3.7000,-49.499700,-34.260000,-9.800000,-19.600000
3.7100,-49.842300,-34.358000,-9.800000,-19.600000
3.7200,-50.185880,-34.456000,-9.800000,-19.600000
3.7300,-50.530440,-34.554000,-9.800000,-19.600000
3.7400,-50.875980,-34.652000,-9.800000,-19.600000
3.7500,-51.222500,-34.750000,-9.800000,-19.600000
3.7600,-51.570000,-34.848000,-9.800000,-19.600000
3.7700,-51.918480,-34.946000,-9.800000,-19.600000
3.7800,-52.267940,-35.044000,-9.800000,-19.600000
3.7900,-52.618380,-35.142000,-9.800000,-19.600000
3.8000,-52.969800,-35.240000,-9.800000,-19.600000
3.8100,-53.322200,-35.338000,-9.800000,-19.600000
3.8200,-53.675580,-35.436000,-9.800000,-19.600000
3.8300,-54.029940,-35.534000,-9.800000,-19.600000
3.8400,-54.385280,-35.632000,-9.800000,-19.600000
3.8500,-54.741600,-35.730000,-9.800000,-19.600000
3.8600,-55.098900,-35.828000,-9.800000,-19.600000
3.8700,-55.457180,-35.926000,-9.800000,-19.600000
3.8800,-55.816440,-36.024000,-9.800000,-19.600000
3.8900,-56.176680,-36.122000,-9.800000,-19.600000
3.9000,-56.537900,-36.220000,-9.800000,-19.600000
3.9100,-56.900100,-36.318000,-9.800000,-19.600000
3.9200,-57.263280,-36.416000,-9.800000,-19.600000
3.9300,-57.627440,-36.514000,-9.800000,-19.600000
3.9400,-57.992580,-36.612000,-9.800000,-19.600000
3.9500,-58.358700,-36.710000,-9.800000,-19.600000
3.9600,-58.725800,-36.808000,-9.800000,-19.600000
3.9700,-59.093880,-36.906000,-9.800000,-19.600000
3.9800,-59.462940,-37.004000,-9.800000,-19.600000
3.9900,-59.832980,-37.102000,-9.800000,-19.600000
4.0000,-60.204000,-37.200000,-9.800000,-19.600000
4.0100,-60.576000,-37.298000,-9.800000,-19.600000
4.0200,-60.948980,-37.396000,-9.800000,-19.600000
4.0300,-61.322940,-37.494000,-9.800000,-19.600000
4.0400,-61.697880,-37.592000,-9.800000,-19.600000
4.0500,-62.073800,-37.690000,-9.800000,-19.600000
4.0600,-62.450700,-37.788000,-9.800000,-19.600000
4.0700,-62.828580,-37.886000,-9.800000,-19.600000
4.0800,-63.207440,-37.984000,-9.800000,-19.600000
4.0900,-63.587280,-38.082000,-9.800000,-19.600000
4.1000,-63.968100,-38.180000,-9.800000,-19.600000
4.1100,-64.349900,-38.278000,-9.800000,-19.600000
4.1200,-64.732680,-38.376000,-9.800000,-19.600000
4.1300,-65.116440,-38.474000,-9.800000,-19.600000
4.1400,-65.501180,-38.572000,-9.800000,-19.600000
4.1500,-65.886900,-38.670000,-9.800000,-19.600000
4.1600,-66.273600,-38.768000,-9.800000,-19.600000
4.1700,-66.661280,-38.866000,-9.800000,-19.600000
4.1800,-67.049940,-38.964000,-9.800000,-19.600000
4.1900,-67.439580,-39.062000,-9.800000,-19.600000
4.2000,-67.830200,-39.160000,-9.800000,-19.600000
4.2100,-68.221800,-39.258000,-9.800000,-19.600000
4.2200,-68.614380,-39.356000,-9.800000,-19.600000
4.2300,-69.007940,-39.454000,-9.800000,-19.600000
4.2400,-69.402480,-39.552000,-9.800000,-19.600000
4.2500,-69.798000,-39.650000,-9.800000,-19.600000
4.2600,-70.194500,-39.748000,-9.800000,-19.600000
4.2700,-70.591980,-39.846000,-9.800000,-19.600000
4.2800,-70.990440,-39.944000,-9.800000,-19.600000
4.2900,-71.389880,-40.042000,-9.800000,-19.600000
4.3000,-71.790300,-40.140000,-9.800000,-19.600000
4.3100,-72.191700,-40.238000,-9.800000,-19.600000
4.3200,-72.594080,-40.336000,-9.800000,-19.600000
4.3300,-72.997440,-40.434000,-9.800000,-19.600000
4.3400,-73.401780,-40.532000,-9.800000,-19.600000
4.3500,-73.807100,-40.630000,-9.800000,-19.600000
4.3600,-74.213400,-40.728000,-9.800000,-19.600000
4.3700,-74.620680,-40.826000,-9.800000,-19.600000
4.3800,-75.028940,-40.924000,-9.800000,-19.600000
4.3900,-75.438180,-41.022000,-9.800000,-19.600000
4.4000,-75.848400,-41.120000,-9.800000,-19.600000
4.4100,-76.259600,-41.218000,-9.800000,-19.600000
4.4200,-76.671780,-41.316000,-9.800000,-19.600000
4.4300,-77.084940,-41.414000,-9.800000,-19.600000
4.4400,-77.499080,-41.512000,-9.800000,-19.600000
4.4500,-77.914200,-41.610000,-9.800000,-19.600000
4.4600,-78.330300,-41.708000,-9.800000,-19.600000
4.4700,-78.747380,-41.806000,-9.800000,-19.600000
4.4800,-79.165440,-41.904000,-9.800000,-19.600000
4.4900,-79.584480,-42.002000,-9.800000,-19.600000
4.5000,-80.004500,-42.100000,-9.800000,-19.600000
4.5100,-80.425500,-42.198000,-9.800000,-19.600000
4.5200,-80.847480,-42.296000,-9.800000,-19.600000
4.5300,-81.270440,-42.394000,-9.800000,-19.600000
4.5400,-81.694380,-42.492000,-9.800000,-19.600000
4.5500,-82.119300,-42.590000,-9.800000,-19.600000
4.5600,-82.545200,-42.688000,-9.800000,-19.600000
4.5700,-82.972080,-42.786000,-9.800000,-19.600000
4.5800,-83.399940,-42.884000,-9.800000,-19.600000
4.5900,-83.828780,-42.982000,-9.800000,-19.600000
4.6000,-84.258600,-43.080000,-9.800000,-19.600000
4.6100,-84.689400,-43.178000,-9.800000,-19.600000
4.6200,-85.121180,-43.276000,-9.800000,-19.600000
4.6300,-85.553940,-43.374000,-9.800000,-19.600000
4.6400,-85.987680,-43.472000,-9.800000,-19.600000
4.6500,-86.422400,-43.570000,-9.800000,-19.600000
4.6600,-86.858100,-43.668000,-9.800000,-19.600000
4.6700,-87.294780,-43.766000,-9.800000,-19.600000
4.6800,-87.732440,-43.864000,-9.800000,-19.600000
4.6900,-88.171080,-43.962000,-9.800000,-19.600000
4.7000,-88.610700,-44.060000,-9.800000,-19.600000
4.7100,-89.051300,-44.158000,-9.800000,-19.600000
4.7200,-89.492880,-44.256000,-9.800000,-19.600000
4.7300,-89.935440,-44.354000,-9.800000,-19.600000
4.7400,-90.378980,-44.452000,-9.800000,-19.600000
4.7500,-90.823500,-44.550000,-9.800000,-19.600000
4.7600,-91.269000,-44.648000,-9.800000,-19.600000
4.7700,-91.715480,-44.746000,-9.800000,-19.600000
4.7800,-92.162940,-44.844000,-9.800000,-19.600000
4.7900,-92.611380,-44.942000,-9.800000,-19.600000
4.8000,-93.060800,-45.040000,-9.800000,-19.600000
4.8100,-93.511200,-45.138000,-9.800000,-19.600000
4.8200,-93.962580,-45.236000,-9.800000,-19.600000
4.8300,-94.414940,-45.334000,-9.800000,-19.600000
4.8400,-94.868280,-45.432000,-9.800000,-19.600000
4.8500,-95.322600,-45.530000,-9.800000,-19.600000
4.8600,-95.777900,-45.628000,-9.800000,-19.600000
4.8700,-96.234180,-45.726000,-9.800000,-19.600000
4.8800,-96.691440,-45.824000,-9.800000,-19.600000
4.8900,-97.149680,-45.922000,-9.800000,-19.600000
4.9000,-97.608900,-46.020000,-9.800000,-19.600000
4.9100,-98.069100,-46.118000,-9.800000,-19.600000
4.9200,-98.530280,-46.216000,-9.800000,-19.600000
4.9300,-98.992440,-46.314000,-9.800000,-19.600000
4.9400,-99.455580,-46.412000,-9.800000,-19.600000
4.9500,-99.919700,-46.510000,-9.800000,-19.600000
4.9600,-100.384800,-46.608000,-9.800000,-19.600000
4.9700,-100.850880,-46.706000,-9.800000,-19.600000
4.9800,-101.317940,-46.804000,-9.800000,-19.600000
4.9900,-101.785980,-46.902000,-9.800000,-19.600000
5.0000,-102.255000,-47.000000,-9.800000,-19.600000
5.0100,-102.725000,-47.098000,-9.800000,-19.600000
5.0200,-103.195980,-47.196000,-9.800000,-19.600000
5.0300,-103.667940,-47.294000,-9.800000,-19.600000
5.0400,-104.140880,-47.392000,-9.800000,-19.600000
5.0500,-104.614800,-47.490000,-9.800000,-19.600000
5.0600,-105.089700,-47.588000,-9.800000,-19.600000
5.0700,-105.565580,-47.686000,-9.800000,-19.600000
5.0800,-106.042440,-47.784000,-9.800000,-19.600000
5.0900,-106.520280,-47.882000,-9.800000,-19.600000
5.1000,-106.999100,-47.980000,-9.800000,-19.600000
5.1100,-107.478900,-48.078000,-9.800000,-19.600000
5.1200,-107.959680,-48.176000,-9.800000,-19.600000
5.1300,-108.441440,-48.274000,-9.800000,-19.600000
5.1400,-108.924180,-48.372000,-9.800000,-19.600000
5.1500,-109.407900,-48.470000,-9.800000,-19.600000
5.1600,-109.892600,-48.568000,-9.800000,-19.600000
5.1700,-110.378280,-48.666000,-9.800000,-19.600000
5.1800,-110.864940,-48.764000,-9.800000,-19.600000
5.1900,-111.352580,-48.862000,-9.800000,-19.600000
5.2000,-111.841200,-48.960000,-9.800000,-19.600000
5.2100,-112.330800,-49.058000,-9.800000,-19.600000
5.2200,-112.821380,-49.156000,-9.800000,-19.600000
5.2300,-113.312940,-49.254000,-9.800000,-19.600000
5.2400,-113.805480,-49.352000,-9.800000,-19.600000
5.2500,-114.299000,-49.450000,-9.800000,-19.600000
5.2600,-114.793500,-49.548000,-9.800000,-19.600000
5.2700,-115.288980,-49.646000,-9.800000,-19.600000
5.2800,-115.785440,-49.744000,-9.800000,-19.600000
5.2900,-116.282880,-49.842000,-9.800000,-19.600000
5.3000,-116.781300,-49.940000,-9.800000,-19.600000
5.3100,-117.280700,-50.038000,-9.800000,-19.600000
5.3200,-117.781080,-50.136000,-9.800000,-19.600000
5.3300,-118.282440,-50.234000,-9.800000,-19.600000
5.3400,-118.784780,-50.332000,-9.800000,-19.600000
5.3500,-119.288100,-50.430000,-9.800000,-19.600000
5.3600,-119.792400,-50.528000,-9.800000,-19.600000
5.3700,-120.297680,-50.626000,-9.800000,-19.600000
5.3800,-120.803940,-50.724000,-9.800000,-19.600000
5.3900,-121.311180,-50.822000,-9.800000,-19.600000
5.4000,-121.819400,-50.920000,-9.800000,-19.600000
5.4100,-122.328600,-51.018000,-9.800000,-19.600000
5.4200,-122.838780,-51.116000,-9.800000,-19.600000
5.4300,-123.349940,-51.214000,-9.800000,-19.600000
5.4400,-123.862080,-51.312000,-9.800000,-19.600000
5.4500,-124.375200,-51.410000,-9.800000,-19.600000
5.4600,-124.889300,-51.508000,-9.800000,-19.600000
5.4700,-125.404380,-51.606000,-9.800000,-19.600000
5.4800,-125.920440,-51.704000,-9.800000,-19.600000
5.4900,-126.437480,-51.802000,-9.800000,-19.600000
5.5000,-126.955500,-51.900000,-9.800000,-19.600000
5.5100,-127.474500,-51.998000,-9.800000,-19.600000
5.5200,-127.994480,-52.096000,-9.800000,-19.600000
5.5300,-128.515440,-52.194000,-9.800000,-19.600000
5.5400,-129.037380,-52.292000,-9.800000,-19.600000
5.5500,-129.560300,-52.390000,-9.800000,-19.600000
5.5600,-130.084200,-52.488000,-9.800000,-19.600000
5.5700,-130.609080,-52.586000,-9.800000,-19.600000
5.5800,-131.134940,-52.684000,-9.800000,-19.600000
5.5900,-131.661780,-52.782000,-9.800000,-19.600000
5.6000,-132.189600,-52.880000,-9.800000,-19.600000
5.6100,-132.718400,-52.978000,-9.800000,-19.600000
5.6200,-133.248180,-53.076000,-9.800000,-19.600000
5.6300,-133.778940,-53.174000,-9.800000,-19.600000
5.6400,-134.310680,-53.272000,-9.800000,-19.600000
5.6500,-134.843400,-53.370000,-9.800000,-19.600000
5.6600,-135.377100,-53.468000,-9.800000,-19.600000
5.6700,-135.911780,-53.566000,-9.800000,-19.600000
5.6800,-136.447440,-53.664000,-9.800000,-19.600000
5.6900,-136.984080,-53.762000,-9.800000,-19.600000
5.7000,-137.521700,-53.860000,-9.800000,-19.600000
5.7100,-138.060300,-53.958000,-9.800000,-19.600000
5.7200,-138.599880,-54.056000,-9.800000,-19.600000
5.7300,-139.140440,-54.154000,-9.800000,-19.600000
5.7400,-139.681980,-54.252000,-9.800000,-19.600000
5.7500,-140.224500,-54.350000,-9.800000,-19.600000
5.7600,-140.768000,-54.448000,-9.800000,-19.600000
5.7700,-141.312480,-54.546000,-9.800000,-19.600000
5.7800,-141.857940,-54.644000,-9.800000,-19.600000
5.7900,-142.404380,-54.742000,-9.800000,-19.600000
5.8000,-142.951800,-54.840000,-9.800000,-19.600000
5.8100,-143.500200,-54.938000,-9.800000,-19.600000
5.8200,-144.049580,-55.036000,-9.800000,-19.600000
5.8300,-144.599940,-55.134000,-9.800000,-19.600000
5.8400,-145.151280,-55.232000,-9.800000,-19.600000
5.8500,-145.703600,-55.330000,-9.800000,-19.600000
5.8600,-146.256900,-55.428000,-9.800000,-19.600000
5.8700,-146.811180,-55.526000,-9.800000,-19.600000
5.8800,-147.366440,-55.624000,-9.800000,-19.600000
5.8900,-147.922680,-55.722000,-9.800000,-19.600000
5.9000,-148.479900,-55.820000,-9.800000,-19.600000
5.9100,-149.038100,-55.918000,-9.800000,-19.600000
5.9200,-149.597280,-56.016000,-9.800000,-19.600000
5.9300,-150.157440,-56.114000,-9.800000,-19.600000
5.9400,-150.718580,-56.212000,-9.800000,-19.600000
5.9500,-151.280700,-56.310000,-9.800000,-19.600000
5.9600,-151.843800,-56.408000,-9.800000,-19.600000
5.9700,-152.407880,-56.506000,-9.800000,-19.600000
5.9800,-152.972940,-56.604000,-9.800000,-19.600000
5.9900,-153.538980,-56.702000,-9.800000,-19.600000
6.0000,-154.106000,-56.800000,-9.800000,-19.600000
6.0100,-154.674000,-56.898000,-9.800000,-19.600000
6.0200,-155.242980,-56.996000,-9.800000,-19.600000
6.0300,-155.812940,-57.094000,-9.800000,-19.600000
6.0400,-156.383880,-57.192000,-9.800000,-19.600000
6.0500,-156.955800,-57.290000,-9.800000,-19.600000
6.0600,-157.528700,-57.388000,-9.800000,-19.600000
6.0700,-158.102580,-57.486000,-9.800000,-19.600000
6.0800,-158.677440,-57.584000,-9.800000,-19.600000
6.0900,-159.253280,-57.682000,-9.800000,-19.600000
6.1000,-159.830100,-57.780000,-9.800000,-19.600000
6.1100,-160.407900,-57.878000,-9.800000,-19.600000
6.1200,-160.986680,-57.976000,-9.800000,-19.600000
6.1300,-161.566440,-58.074000,-9.800000,-19.600000
6.1400,-162.147180,-58.172000,-9.800000,-19.600000
6.1500,-162.728900,-58.270000,-9.800000,-19.600000
6.1600,-163.311600,-58.368000,-9.800000,-19.600000
6.1700,-163.895280,-58.466000,-9.800000,-19.600000
6.1800,-164.479940,-58.564000,-9.800000,-19.600000
6.1900,-165.065580,-58.662000,-9.800000,-19.600000
6.2000,-165.652200,-58.760000,-9.800000,-19.600000
6.2100,-166.239800,-58.858000,-9.800000,-19.600000
6.2200,-166.828380,-58.956000,-9.800000,-19.600000
6.2300,-167.417940,-59.054000,-9.800000,-19.600000
6.2400,-168.008480,-59.152000,-9.800000,-19.600000
6.2500,-168.600000,-59.250000,-9.800000,-19.600000
6.2600,-169.192500,-59.348000,-9.800000,-19.600000
6.2700,-169.785980,-59.446000,-9.800000,-19.600000
6.2800,-170.380440,-59.544000,-9.800000,-19.600000
6.2900,-170.975880,-59.642000,-9.800000,-19.600000
6.3000,-171.572300,-59.740000,-9.800000,-19.600000
6.3100,-172.169700,-59.838000,-9.800000,-19.600000
6.3200,-172.768080,-59.936000,-9.800000,-19.600000
6.3300,-173.367440,-60.034000,-9.800000,-19.600000
6.3400,-173.967780,-60.132000,-9.800000,-19.600000
6.3500,-174.569100,-60.230000,-9.800000,-19.600000
6.3600,-175.171400,-60.328000,-9.800000,-19.600000
6.3700,-175.774680,-60.426000,-9.800000,-19.600000
6.3800,-176.378940,-60.524000,-9.800000,-19.600000
6.3900,-176.984180,-60.622000,-9.800000,-19.600000
6.4000,-177.590400,-60.720000,-9.800000,-19.600000
6.4100,-178.197600,-60.818000,-9.800000,-19.600000
6.4200,-178.805780,-60.916000,-9.800000,-19.600000
6.4300,-179.414940,-61.014000,-9.800000,-19.600000
6.4400,-180.025080,-61.112000,-9.800000,-19.600000
6.4500,-180.636200,-61.210000,-9.800000,-19.600000
6.4600,-181.248300,-61.308000,-9.800000,-19.600000
6.4700,-181.861380,-61.406000,-9.800000,-19.600000
6.4800,-182.475440,-61.504000,-9.800000,-19.600000
6.4900,-183.090480,-61.602000,-9.800000,-19.600000
6.5000,-183.706500,-61.700000,-9.800000,-19.600000
6.5100,-184.323500,-61.798000,-9.800000,-19.600000
6.5200,-184.941480,-61.896000,-9.800000,-19.600000
6.5300,-185.560440,-61.994000,-9.800000,-19.600000
6.5400,-186.180380,-62.092000,-9.800000,-19.600000
6.5500,-186.801300,-62.190000,-9.800000,-19.600000
6.5600,-187.423200,-62.288000,-9.800000,-19.600000
6.5700,-188.046080,-62.386000,-9.800000,-19.600000
6.5800,-188.669940,-62.484000,-9.800000,-19.600000
6.5900,-189.294780,-62.582000,-9.800000,-19.600000
6.6000,-189.920600,-62.680000,-9.800000,-19.600000
6.6100,-190.547400,-62.778000,-9.800000,-19.600000
6.6200,-191.175180,-62.876000,-9.800000,-19.600000
6.6300,-191.803940,-62.974000,-9.800000,-19.600000
6.6400,-192.433680,-63.072000,-9.800000,-19.600000
6.6500,-193.064400,-63.170000,-9.800000,-19.600000
6.6600,-193.696100,-63.268000,-9.800000,-19.600000
6.6700,-194.328780,-63.366000,-9.800000,-19.600000
6.6800,-194.962440,-63.464000,-9.800000,-19.600000
6.6900,-195.597080,-63.562000,-9.800000,-19.600000
6.7000,-196.232700,-63.660000,-9.800000,-19.600000
6.7100,-196.869300,-63.758000,-9.800000,-19.600000
6.7200,-197.506880,-63.856000,-9.800000,-19.600000
6.7300,-198.145440,-63.954000,-9.800000,-19.600000
6.7400,-198.784980,-64.052000,-9.800000,-19.600000
6.7500,-199.425500,-64.150000,-9.800000,-19.600000
6.7600,-200.067000,-64.248000,-9.800000,-19.600000
6.7700,-200.709480,-64.346000,-9.800000,-19.600000
6.7800,-201.352940,-64.444000,-9.800000,-19.600000
6.7900,-201.997380,-64.542000,-9.800000,-19.600000
6.8000,-202.642800,-64.640000,-9.800000,-19.600000
6.8100,-203.289200,-64.738000,-9.800000,-19.600000
6.8200,-203.936580,-64.836000,-9.800000,-19.600000
6.8300,-204.584940,-64.934000,-9.800000,-19.600000
6.8400,-205.234280,-65.032000,-9.800000,-19.600000
6.8500,-205.884600,-65.130000,-9.800000,-19.600000
6.8600,-206.535900,-65.228000,-9.800000,-19.600000
6.8700,-207.188180,-65.326000,-9.800000,-19.600000
6.8800,-207.841440,-65.424000,-9.800000,-19.600000
6.8900,-208.495680,-65.522000,-9.800000,-19.600000
6.9000,-209.150900,-65.620000,-9.800000,-19.600000
6.9100,-209.807100,-65.718000,-9.800000,-19.600000
6.9200,-210.464280,-65.816000,-9.800000,-19.600000
6.9300,-211.122440,-65.914000,-9.800000,-19.600000
6.9400,-211.781580,-66.012000,-9.800000,-19.600000
6.9500,-212.441700,-66.110000,-9.800000,-19.600000
6.9600,-213.102800,-66.208000,-9.800000,-19.600000
6.9700,-213.764880,-66.306000,-9.800000,-19.600000
6.9800,-214.427940,-66.404000,-9.800000,-19.600000
6.9900,-215.091980,-66.502000,-9.800000,-19.600000
7.0000,-215.757000,-66.600000,-9.800000,-19.600000
7.0100,-216.423000,-66.698000,-9.800000,-19.600000
7.0200,-217.089980,-66.796000,-9.800000,-19.600000
7.0300,-217.757940,-66.894000,-9.800000,-19.600000
7.0400,-218.426880,-66.992000,-9.800000,-19.600000
7.0500,-219.096800,-67.090000,-9.800000,-19.600000
7.0600,-219.767700,-67.188000,-9.800000,-19.600000
7.0700,-220.439580,-67.286000,-9.800000,-19.600000
7.0800,-221.112440,-67.384000,-9.800000,-19.600000
7.0900,-221.786280,-67.482000,-9.800000,-19.600000
7.1000,-222.461100,-67.580000,-9.800000,-19.600000
7.1100,-223.136900,-67.678000,-9.800000,-19.600000
7.1200,-223.813680,-67.776000,-9.800000,-19.600000
7.1300,-224.491440,-67.874000,-9.800000,-19.600000
7.1400,-225.170180,-67.972000,-9.800000,-19.600000
7.1500,-225.849900,-68.070000,-9.800000,-19.600000
7.1600,-226.530600,-68.168000,-9.800000,-19.600000
7.1700,-227.212280,-68.266000,-9.800000,-19.600000
7.1800,-227.894940,-68.364000,-9.800000,-19.600000
7.1900,-228.578580,-68.462000,-9.800000,-19.600000
7.2000,-229.263200,-68.560000,-9.800000,-19.600000
7.2100,-229.948800,-68.658000,-9.800000,-19.600000
7.2200,-230.635380,-68.756000,-9.800000,-19.600000
7.2300,-231.322940,-68.854000,-9.800000,-19.600000
7.2400,-232.011480,-68.952000,-9.800000,-19.600000
7.2500,-232.701000,-69.050000,-9.800000,-19.600000
7.2600,-233.391500,-69.148000,-9.800000,-19.600000
7.2700,-234.082980,-69.246000,-9.800000,-19.600000
7.2800,-234.775440,-69.344000,-9.800000,-19.600000
7.2900,-235.468880,-69.442000,-9.800000,-19.600000
7.3000,-236.163300,-69.540000,-9.800000,-19.600000
7.3100,-236.858700,-69.638000,-9.800000,-19.600000
7.3200,-237.555080,-69.736000,-9.800000,-19.600000
7.3300,-238.252440,-69.834000,-9.800000,-19.600000
7.3400,-238.950780,-69.932000,-9.800000,-19.600000
7.3500,-239.650100,-70.030000,-9.800000,-19.600000
7.3600,-240.350400,-70.128000,-9.800000,-19.600000
7.3700,-241.051680,-70.226000,-9.800000,-19.600000
7.3800,-241.753940,-70.324000,-9.800000,-19.600000
7.3900,-242.457180,-70.422000,-9.800000,-19.600000
7.4000,-243.161400,-70.520000,-9.800000,-19.600000
7.4100,-243.866600,-70.618000,-9.800000,-19.600000
7.4200,-244.572780,-70.716000,-9.800000,-19.600000
7.4300,-245.279940,-70.814000,-9.800000,-19.600000
7.4400,-245.988080,-70.912000,-9.800000,-19.600000
7.4500,-246.697200,-71.010000,-9.800000,-19.600000
7.4600,-247.407300,-71.108000,-9.800000,-19.600000
7.4700,-248.118380,-71.206000,-9.800000,-19.600000
7.4800,-248.830440,-71.304000,-9.800000,-19.600000
7.4900,-249.543480,-71.402000,-9.800000,-19.600000
7.5000,-250.257500,-71.500000,-9.800000,-19.600000
7.5100,-250.972500,-71.598000,-9.800000,-19.600000
7.5200,-251.688480,-71.696000,-9.800000,-19.600000
7.5300,-252.405440,-71.794000,-9.800000,-19.600000
7.5400,-253.123380,-71.892000,-9.800000,-19.600000
7.5500,-253.842300,-71.990000,-9.800000,-19.600000
7.5600,-254.562200,-72.088000,-9.800000,-19.600000
7.5700,-255.283080,-72.186000,-9.800000,-19.600000
7.5800,-256.004940,-72.284000,-9.800000,-19.600000
7.5900,-256.727780,-72.382000,-9.800000,-19.600000
7.6000,-257.451600,-72.480000,-9.800000,-19.600000
7.6100,-258.176400,-72.578000,-9.800000,-19.600000
7.6200,-258.902180,-72.676000,-9.800000,-19.600000
7.6300,-259.628940,-72.774000,-9.800000,-19.600000
7.6400,-260.356680,-72.872000,-9.800000,-19.600000
7.6500,-261.085400,-72.970000,-9.800000,-19.600000
7.6600,-261.815100,-73.068000,-9.800000,-19.600000
7.6700,-262.545780,-73.166000,-9.800000,-19.600000
7.6800,-263.277440,-73.264000,-9.800000,-19.600000
7.6900,-264.010080,-73.362000,-9.800000,-19.600000
7.7000,-264.743700,-73.460000,-9.800000,-19.600000
7.7100,-265.478300,-73.558000,-9.800000,-19.600000
7.7200,-266.213880,-73.656000,-9.800000,-19.600000
7.7300,-266.950440,-73.754000,-9.800000,-19.600000
7.7400,-267.687980,-73.852000,-9.800000,-19.600000
7.7500,-268.426500,-73.950000,-9.800000,-19.600000
7.7600,-269.166000,-74.048000,-9.800000,-19.600000
7.7700,-269.906480,-74.146000,-9.800000,-19.600000
7.7800,-270.647940,-74.244000,-9.800000,-19.600000
7.7900,-271.390380,-74.342000,-9.800000,-19.600000
7.8000,-272.133800,-74.440000,-9.800000,-19.600000
7.8100,-272.878200,-74.538000,-9.800000,-19.600000
7.8200,-273.623580,-74.636000,-9.800000,-19.600000
7.8300,-274.369940,-74.734000,-9.800000,-19.600000
7.8400,-275.117280,-74.832000,-9.800000,-19.600000
7.8500,-275.865600,-74.930000,-9.800000,-19.600000
7.8600,-276.614900,-75.028000,-9.800000,-19.600000
7.8700,-277.365180,-75.126000,-9.800000,-19.600000
7.8800,-278.116440,-75.224000,-9.800000,-19.600000
7.8900,-278.868680,-75.322000,-9.800000,-19.600000
7.9000,-279.621900,-75.420000,-9.800000,-19.600000
7.9100,-280.376100,-75.518000,-9.800000,-19.600000
7.9200,-281.131280,-75.616000,-9.800000,-19.600000
7.9300,-281.887440,-75.714000,-9.800000,-19.600000
7.9400,-282.644580,-75.812000,-9.800000,-19.600000
7.9500,-283.402700,-75.910000,-9.800000,-19.600000
7.9600,-284.161800,-76.008000,-9.800000,-19.600000
7.9700,-284.921880,-76.106000,-9.800000,-19.600000
7.9800,-285.682940,-76.204000,-9.800000,-19.600000
7.9900,-286.444980,-76.302000,-9.800000,-19.600000
8.0000,-287.208000,-76.400000,-9.800000,-19.600000
8.0100,-287.972000,-76.498000,-9.800000,-19.600000
8.0200,-288.736980,-76.596000,-9.800000,-19.600000
8.0300,-289.502940,-76.694000,-9.800000,-19.600000
8.0400,-290.269880,-76.792000,-9.800000,-19.600000
8.0500,-291.037800,-76.890000,-9.800000,-19.600000
8.0600,-291.806700,-76.988000,-9.800000,-19.600000
8.0700,-292.576580,-77.086000,-9.800000,-19.600000
8.0800,-293.347440,-77.184000,-9.800000,-19.600000
8.0900,-294.119280,-77.282000,-9.800000,-19.600000
8.1000,-294.892100,-77.380000,-9.800000,-19.600000
8.1100,-295.665900,-77.478000,-9.800000,-19.600000
8.1200,-296.440680,-77.576000,-9.800000,-19.600000
8.1300,-297.216440,-77.674000,-9.800000,-19.600000
8.1400,-297.993180,-77.772000,-9.800000,-19.600000
8.1500,-298.770900,-77.870000,-9.800000,-19.600000
8.1600,-299.549600,-77.968000,-9.800000,-19.600000
8.1700,-300.329280,-78.066000,-9.800000,-19.600000
8.1800,-301.109940,-78.164000,-9.800000,-19.600000
8.1900,-301.891580,-78.262000,-9.800000,-19.600000
8.2000,-302.674200,-78.360000,-9.800000,-19.600000
8.2100,-303.457800,-78.458000,-9.800000,-19.600000
8.2200,-304.242380,-78.556000,-9.800000,-19.600000
8.2300,-305.027940,-78.654000,-9.800000,-19.600000
8.2400,-305.814480,-78.752000,-9.800000,-19.600000
8.2500,-306.602000,-78.850000,-9.800000,-19.600000
8.2600,-307.390500,-78.948000,-9.800000,-19.600000
8.2700,-308.179980,-79.046000,-9.800000,-19.600000
8.2800,-308.970440,-79.144000,-9.800000,-19.600000
8.2900,-309.761880,-79.242000,-9.800000,-19.600000
8.3000,-310.554300,-79.340000,-9.800000,-19.600000
8.3100,-311.347700,-79.438000,-9.800000,-19.600000
8.3200,-312.142080,-79.536000,-9.800000,-19.600000
8.3300,-312.937440,-79.634000,-9.800000,-19.600000
8.3400,-313.733780,-79.732000,-9.800000,-19.600000
8.3500,-314.531100,-79.830000,-9.800000,-19.600000
8.3600,-315.329400,-79.928000,-9.800000,-19.600000
8.3700,-316.128680,-80.026000,-9.800000,-19.600000
8.3800,-316.928940,-80.124000,-9.800000,-19.600000
8.3900,-317.730180,-80.222000,-9.800000,-19.600000
8.4000,-318.532400,-80.320000,-9.800000,-19.600000
8.4100,-319.335600,-80.418000,-9.800000,-19.600000
8.4200,-320.139780,-80.516000,-9.800000,-19.600000
8.4300,-320.944940,-80.614000,-9.800000,-19.600000
8.4400,-321.751080,-80.712000,-9.800000,-19.600000
8.4500,-322.558200,-80.810000,-9.800000,-19.600000
8.4600,-323.366300,-80.908000,-9.800000,-19.600000
8.4700,-324.175380,-81.006000,-9.800000,-19.600000
8.4800,-324.985440,-81.104000,-9.800000,-19.600000
8.4900,-325.796480,-81.202000,-9.800000,-19.600000
8.5000,-326.608500,-81.300000,-9.800000,-19.600000
8.5100,-327.421500,-81.398000,-9.800000,-19.600000
8.5200,-328.235480,-81.496000,-9.800000,-19.600000
8.5300,-329.050440,-81.594000,-9.800000,-19.600000
8.5400,-329.866380,-81.692000,-9.800000,-19.600000
8.5500,-330.683300,-81.790000,-9.800000,-19.600000
8.5600,-331.501200,-81.888000,-9.800000,-19.600000
8.5700,-332.320080,-81.986000,-9.800000,-19.600000
8.5800,-333.139940,-82.084000,-9.800000,-19.600000
8.5900,-333.960780,-82.182000,-9.800000,-19.600000
8.6000,-334.782600,-82.280000,-9.800000,-19.600000
8.6100,-335.605400,-82.378000,-9.800000,-19.600000
8.6200,-336.429180,-82.476000,-9.800000,-19.600000
8.6300,-337.253940,-82.574000,-9.800000,-19.600000
8.6400,-338.079680,-82.672000,-9.800000,-19.600000
8.6500,-338.906400,-82.770000,-9.800000,-19.600000
8.6600,-339.734100,-82.868000,-9.800000,-19.600000
8.6700,-340.562780,-82.966000,-9.800000,-19.600000
8.6800,-341.392440,-83.064000,-9.800000,-19.600000
8.6900,-342.223080,-83.162000,-9.800000,-19.600000
8.7000,-343.054700,-83.260000,-9.800000,-19.600000
8.7100,-343.887300,-83.358000,-9.800000,-19.600000
8.7200,-344.720880,-83.456000,-9.800000,-19.600000
8.7300,-345.555440,-83.554000,-9.800000,-19.600000
8.7400,-346.390980,-83.652000,-9.800000,-19.600000
8.7500,-347.227500,-83.750000,-9.800000,-19.600000
8.7600,-348.065000,-83.848000,-9.800000,-19.600000
8.7700,-348.903480,-83.946000,-9.800000,-19.600000
8.7800,-349.742940,-84.044000,-9.800000,-19.600000
8.7900,-350.583380,-84.142000,-9.800000,-19.600000
8.8000,-351.424800,-84.240000,-9.800000,-19.600000
8.8100,-352.267200,-84.338000,-9.800000,-19.600000
8.8200,-353.110580,-84.436000,-9.800000,-19.600000
8.8300,-353.954940,-84.534000,-9.800000,-19.600000
8.8400,-354.800280,-84.632000,-9.800000,-19.600000
8.8500,-355.646600,-84.730000,-9.800000,-19.600000
8.8600,-356.493900,-84.828000,-9.800000,-19.600000
8.8700,-357.342180,-84.926000,-9.800000,-19.600000
8.8800,-358.191440,-85.024000,-9.800000,-19.600000
8.8900,-359.041680,-85.122000,-9.800000,-19.600000
8.9000,-359.892900,-85.220000,-9.800000,-19.600000
8.9100,-360.745100,-85.318000,-9.800000,-19.600000
8.9200,-361.598280,-85.416000,-9.800000,-19.600000
8.9300,-362.452440,-85.514000,-9.800000,-19.600000
8.9400,-363.307580,-85.612000,-9.800000,-19.600000
8.9500,-364.163700,-85.710000,-9.800000,-19.600000
8.9600,-365.020800,-85.808000,-9.800000,-19.600000
8.9700,-365.878880,-85.906000,-9.800000,-19.600000
8.9800,-366.737940,-86.004000,-9.800000,-19.600000
8.9900,-367.597980,-86.102000,-9.800000,-19.600000
9.0000,-368.459000,-86.200000,-9.800000,-19.600000
9.0100,-369.321000,-86.298000,-9.800000,-19.600000
9.0200,-370.183980,-86.396000,-9.800000,-19.600000
9.0300,-371.047940,-86.494000,-9.800000,-19.600000
9.0400,-371.912880,-86.592000,-9.800000,-19.600000
9.0500,-372.778800,-86.690000,-9.800000,-19.600000
9.0600,-373.645700,-86.788000,-9.800000,-19.600000
9.0700,-374.513580,-86.886000,-9.800000,-19.600000
9.0800,-375.382440,-86.984000,-9.800000,-19.600000
9.0900,-376.252280,-87.082000,-9.800000,-19.600000
9.1000,-377.123100,-87.180000,-9.800000,-19.600000
9.1100,-377.994900,-87.278000,-9.800000,-19.600000
9.1200,-378.867680,-87.376000,-9.800000,-19.600000
9.1300,-379.741440,-87.474000,-9.800000,-19.600000
9.1400,-380.616180,-87.572000,-9.800000,-19.600000
9.1500,-381.491900,-87.670000,-9.800000,-19.600000
9.1600,-382.368600,-87.768000,-9.800000,-19.600000
9.1700,-383.246280,-87.866000,-9.800000,-19.600000
9.1800,-384.124940,-87.964000,-9.800000,-19.600000
9.1900,-385.004580,-88.062000,-9.800000,-19.600000
9.2000,-385.885200,-88.160000,-9.800000,-19.600000
9.2100,-386.766800,-88.258000,-9.800000,-19.600000
9.2200,-387.649380,-88.356000,-9.800000,-19.600000
9.2300,-388.532940,-88.454000,-9.800000,-19.600000
9.2400,-389.417480,-88.552000,-9.800000,-19.600000
9.2500,-390.303000,-88.650000,-9.800000,-19.600000
9.2600,-391.189500,-88.748000,-9.800000,-19.600000
9.2700,-392.076980,-88.846000,-9.800000,-19.600000
9.2800,-392.965440,-88.944000,-9.800000,-19.600000
9.2900,-393.854880,-89.042000,-9.800000,-19.600000
9.3000,-394.745300,-89.140000,-9.800000,-19.600000
9.3100,-395.636700,-89.238000,-9.800000,-19.600000
9.3200,-396.529080,-89.336000,-9.800000,-19.600000
9.3300,-397.422440,-89.434000,-9.800000,-19.600000
9.3400,-398.316780,-89.532000,-9.800000,-19.600000
9.3500,-399.212100,-89.630000,-9.800000,-19.600000
9.3600,-400.108400,-89.728000,-9.800000,-19.600000
9.3700,-401.005680,-89.826000,-9.800000,-19.600000
9.3800,-401.903940,-89.924000,-9.800000,-19.600000
9.3900,-402.803180,-90.022000,-9.800000,-19.600000
9.4000,-403.703400,-90.120000,-9.800000,-19.600000
9.4100,-404.604600,-90.218000,-9.800000,-19.600000
9.4200,-405.506780,-90.316000,-9.800000,-19.600000
9.4300,-406.409940,-90.414000,-9.800000,-19.600000
9.4400,-407.314080,-90.512000,-9.800000,-19.600000
9.4500,-408.219200,-90.610000,-9.800000,-19.600000
9.4600,-409.125300,-90.708000,-9.800000,-19.600000
9.4700,-410.032380,-90.806000,-9.800000,-19.600000
9.4800,-410.940440,-90.904000,-9.800000,-19.600000
9.4900,-411.849480,-91.002000,-9.800000,-19.600000
9.5000,-412.759500,-91.100000,-9.800000,-19.600000
9.5100,-413.670500,-91.198000,-9.800000,-19.600000
9.5200,-414.582480,-91.296000,-9.800000,-19.600000
9.5300,-415.495440,-91.394000,-9.800000,-19.600000
9.5400,-416.409380,-91.492000,-9.800000,-19.600000
9.5500,-417.324300,-91.590000,-9.800000,-19.600000
9.5600,-418.240200,-91.688000,-9.800000,-19.600000
9.5700,-419.157080,-91.786000,-9.800000,-19.600000
9.5800,-420.074940,-91.884000,-9.800000,-19.600000
9.5900,-420.993780,-91.982000,-9.800000,-19.600000
9.6000,-421.913600,-92.080000,-9.800000,-19.600000
9.6100,-422.834400,-92.178000,-9.800000,-19.600000
9.6200,-423.756180,-92.276000,-9.800000,-19.600000
9.6300,-424.678940,-92.374000,-9.800000,-19.600000
9.6400,-425.602680,-92.472000,-9.800000,-19.600000
9.6500,-426.527400,-92.570000,-9.800000,-19.600000
9.6600,-427.453100,-92.668000,-9.800000,-19.600000
9.6700,-428.379780,-92.766000,-9.800000,-19.600000
9.6800,-429.307440,-92.864000,-9.800000,-19.600000
9.6900,-430.236080,-92.962000,-9.800000,-19.600000
9.7000,-431.165700,-93.060000,-9.800000,-19.600000
9.7100,-432.096300,-93.158000,-9.800000,-19.600000
9.7200,-433.027880,-93.256000,-9.800000,-19.600000
9.7300,-433.960440,-93.354000,-9.800000,-19.600000
9.7400,-434.893980,-93.452000,-9.800000,-19.600000
9.7500,-435.828500,-93.550000,-9.800000,-19.600000
9.7600,-436.764000,-93.648000,-9.800000,-19.600000
9.7700,-437.700480,-93.746000,-9.800000,-19.600000
9.7800,-438.637940,-93.844000,-9.800000,-19.600000
9.7900,-439.576380,-93.942000,-9.800000,-19.600000
9.8000,-440.515800,-94.040000,-9.800000,-19.600000
9.8100,-441.456200,-94.138000,-9.800000,-19.600000
9.8200,-442.397580,-94.236000,-9.800000,-19.600000
9.8300,-443.339940,-94.334000,-9.800000,-19.600000
9.8400,-444.283280,-94.432000,-9.800000,-19.600000
9.8500,-445.227600,-94.530000,-9.800000,-19.600000
9.8600,-446.172900,-94.628000,-9.800000,-19.600000
9.8700,-447.119180,-94.726000,-9.800000,-19.600000
9.8800,-448.066440,-94.824000,-9.800000,-19.600000
9.8900,-449.014680,-94.922000,-9.800000,-19.600000
9.9000,-449.963900,-95.020000,-9.800000,-19.600000
9.9100,-450.914100,-95.118000,-9.800000,-19.600000
9.9200,-451.865280,-95.216000,-9.800000,-19.600000
9.9300,-452.817440,-95.314000,-9.800000,-19.600000
9.9400,-453.770580,-95.412000,-9.800000,-19.600000
9.9500,-454.724700,-95.510000,-9.800000,-19.600000
9.9600,-455.679800,-95.608000,-9.800000,-19.600000
9.9700,-456.635880,-95.706000,-9.800000,-19.600000
9.9800,-457.592940,-95.804000,-9.800000,-19.600000
9.9900,-458.550980,-95.902000,-9.800000,-19.600000
